cliente_id,arquetipo,frecuencia_compras_mes,ticket_promedio_usd,dias_desde_ultima_compra,num_categorias_distintas,porcentaje_compras_con_descuento,num_devoluciones_año,horas_navegacion_semana,num_reviews_escritos,tasa_abandono_carrito
Timoteo_Carrasco_1000,Cazador de Ofertas,1.7,23.89,96,2,0.972,0,9.2,0,0.677
Alberto_Laureano_1001,Cazador de Ofertas,1.2,20.8,65,5,0.776,1,4.0,1,0.631
Felipe_Garica_1002,Cazador de Ofertas,2.2,23.19,81,1,0.736,0,3.7,0,0.638
Clara_Canales_1003,Cazador de Ofertas,1.2,32.58,87,4,0.799,0,4.9,2,0.599
Zoé_Trejo_1004,Cazador de Ofertas,1.6,9.32,46,2,0.866,4,5.8,1,0.57
Asunción_Villanueva_1005,Cazador de Ofertas,1.3,33.46,88,1,0.709,0,2.2,1,0.463
Luisa_Aparicio_1006,Cazador de Ofertas,1.8,17.75,91,2,0.954,0,3.0,0,0.71
Alta__Gracia_Cabán_1007,Cazador de Ofertas,0.9,15.43,100,3,0.958,1,4.1,1,0.678
Esteban_Gonzales_1008,Cazador de Ofertas,1.2,27.66,45,1,0.828,0,7.8,1,0.602
Natalia_Zarate_1009,Cazador de Ofertas,1.1,30.95,74,4,0.816,4,8.7,2,0.618
Aldonza_Valentín_1010,Cazador de Ofertas,1.3,13.29,87,3,0.871,1,5.3,2,0.52
Elvia_Trejo_1011,Cazador de Ofertas,1.0,36.23,79,1,0.716,0,5.9,0,0.634
Lourdes_Garay_1012,Cazador de Ofertas,2.1,13.59,88,2,1.0,1,8.3,1,0.675
Marisol_Villalpando_1013,Cazador de Ofertas,2.2,13.79,94,1,1.0,0,9.9,2,0.608
Germán_Aguayo_1014,Cazador de Ofertas,1.9,29.84,61,1,0.828,1,4.4,2,0.568
Cristobal_Pichardo_1015,Cazador de Ofertas,2.0,29.21,114,2,1.0,4,7.9,4,0.494
Jacinto_Ledesma_1016,Cazador de Ofertas,1.9,39.31,94,1,0.837,0,6.3,2,0.478
Cristal_Galván_1017,Cazador de Ofertas,1.0,31.3,108,3,0.784,2,3.3,2,0.523
Iván_Canales_1018,Cazador de Ofertas,1.6,31.62,80,4,0.966,2,11.6,1,0.597
Aurelio_Olivares_1019,Cazador de Ofertas,1.5,26.52,95,4,0.822,0,5.8,4,0.674
Beatriz_Muñoz_1020,Cazador de Ofertas,1.3,31.85,85,2,0.75,1,7.3,1,0.492
Jaime_Zayas_1021,Cazador de Ofertas,1.0,15.54,91,2,0.992,4,8.9,4,0.601
Gabino_Armas_1022,Cazador de Ofertas,1.1,23.11,67,1,0.857,0,5.2,0,0.66
María_Luisa_Terán_1023,Cazador de Ofertas,1.7,9.96,104,4,0.809,0,4.5,0,0.622
Carlota_Ochoa_1024,Cazador de Ofertas,2.7,39.75,114,5,0.916,2,3.4,1,0.401
Arcelia_Urías_1025,Cazador de Ofertas,2.4,19.58,41,1,0.823,1,10.2,1,0.703
Guadalupe_Nájera_1026,Cazador de Ofertas,2.1,19.34,91,4,0.912,0,7.4,1,0.66
Reynaldo_Espinosa_1027,Cazador de Ofertas,1.3,26.11,80,5,0.91,4,8.3,2,0.653
Ángela_Armenta_1028,Cazador de Ofertas,1.7,28.74,108,2,0.886,0,4.2,1,0.53
Virginia_Gil_1029,Cazador de Ofertas,0.7,33.94,51,2,0.976,0,4.8,0,0.685
Gregorio_Bétancourt_1030,Cazador de Ofertas,2.0,36.62,89,5,0.897,2,9.7,1,0.769
Eugenia_Campos_1031,Cazador de Ofertas,1.7,12.78,84,4,0.936,1,5.2,3,0.626
Juan_Ledesma_1032,Cazador de Ofertas,1.4,31.83,73,4,0.801,1,2.4,1,0.555
María_Elena_Nava_1033,Cazador de Ofertas,1.9,30.34,62,2,0.849,2,7.2,0,0.736
Dalia_Nevárez_1034,Cazador de Ofertas,1.6,20.94,68,5,0.869,0,8.1,1,0.624
Joaquín_Fuentes_1035,Cazador de Ofertas,1.6,31.61,113,3,0.774,2,5.4,1,0.6
Yuridia_Jaramillo_1036,Cazador de Ofertas,2.1,31.17,92,4,0.857,0,5.3,1,0.646
Vicente_Becerra_1037,Cazador de Ofertas,1.5,32.87,91,2,0.854,0,4.6,3,0.503
Sandra_de_la_Torre_1038,Cazador de Ofertas,1.4,20.2,72,2,0.791,0,1.8,1,0.547
Oswaldo_Guevara_1039,Cazador de Ofertas,1.7,40.01,103,4,0.804,0,5.8,2,0.665
Dalia_Ríos_1040,Cazador de Ofertas,1.6,33.3,72,1,0.756,2,4.8,2,0.744
Juan_Jimínez_1041,Cazador de Ofertas,1.7,40.29,87,5,0.865,2,4.5,1,0.535
Timoteo_Valdés_1042,Cazador de Ofertas,1.7,22.94,1,3,0.829,2,8.1,1,0.617
Estefanía_Meléndez_1043,Cazador de Ofertas,2.2,32.02,69,4,0.823,3,6.5,3,0.555
Anabel_Girón_1044,Cazador de Ofertas,2.5,26.82,75,1,0.964,1,6.8,1,0.597
Alonso_Mata_1045,Cazador de Ofertas,0.8,30.36,89,4,0.775,0,5.9,1,0.696
Karla_Jasso_1046,Cazador de Ofertas,1.2,18.66,77,2,0.767,1,3.6,0,0.484
Andrés_Galarza_1047,Cazador de Ofertas,2.5,23.42,49,5,0.853,0,6.4,2,0.604
Raquel_Mascareñas_1048,Cazador de Ofertas,1.6,37.78,73,3,0.86,0,7.2,2,0.631
Eric_Sanabria_1049,Cazador de Ofertas,2.3,5.35,59,5,0.778,0,8.4,0,0.622
Leonardo_Reynoso_1050,Cazador de Ofertas,0.7,26.65,71,2,0.681,2,10.7,2,0.701
Claudio_Jaimes_1051,Cazador de Ofertas,1.1,13.94,103,3,1.0,2,4.7,0,0.551
Clara_Gurule_1052,Cazador de Ofertas,1.1,20.64,17,4,0.905,4,6.0,4,0.645
Ramiro_Tijerina_1053,Cazador de Ofertas,1.3,28.96,96,4,0.785,0,3.0,1,0.68
Frida_Viera_1054,Cazador de Ofertas,2.9,12.11,76,2,0.817,1,7.3,0,0.499
Luis_Miguel_Vergara_1055,Cazador de Ofertas,1.5,16.81,112,1,0.887,2,5.0,2,0.476
Leonor_Nájera_1056,Cazador de Ofertas,1.8,28.98,99,3,0.901,0,7.1,1,0.703
Estefanía_Chavarría_1057,Cazador de Ofertas,1.4,32.58,73,3,0.954,1,10.0,1,0.442
Nancy_Salcido_1058,Cazador de Ofertas,1.1,25.44,86,3,0.728,1,6.7,4,0.558
Aurora_Arreola_1059,Cazador de Ofertas,1.0,18.46,117,3,0.882,1,1.5,2,0.668
Blanca_Corral_1060,Cazador de Ofertas,1.0,48.81,115,3,0.812,2,4.5,0,0.476
Soledad_Crespo_1061,Cazador de Ofertas,1.6,31.68,57,3,0.664,0,6.4,1,0.864
Luisa_Ybarra_1062,Cazador de Ofertas,2.4,29.72,85,2,0.885,1,4.7,0,0.55
Andrea_Olmos_1063,Cazador de Ofertas,1.3,32.62,53,5,0.792,1,7.2,1,0.537
Juana_Ybarra_1064,Cazador de Ofertas,2.0,23.02,78,3,0.915,1,5.5,0,0.45
Mayte_Tafoya_1065,Cazador de Ofertas,1.5,14.45,100,1,0.837,1,4.7,3,0.534
Fidel_Uribe_1066,Cazador de Ofertas,1.6,34.04,65,5,0.777,1,4.9,2,0.713
Adalberto_Carrero_1067,Cazador de Ofertas,1.7,34.33,105,2,0.77,1,8.5,0,0.393
Omar_Jaramillo_1068,Cazador de Ofertas,1.6,22.96,76,2,0.892,4,5.5,1,0.702
Tomás_Molina_1069,Cazador de Ofertas,1.5,13.71,37,5,0.931,0,3.6,0,0.671
Bruno_Lozada_1070,Cazador de Ofertas,1.9,17.48,85,4,0.87,1,2.6,0,0.51
Manuel_Cotto_1071,Cazador de Ofertas,2.2,31.16,88,2,0.92,2,4.6,1,0.459
María_Elena_Acosta_1072,Cazador de Ofertas,0.9,39.04,27,4,0.986,0,6.3,2,0.502
Frida_Sanches_1073,Cazador de Ofertas,2.6,5.0,101,1,0.935,0,6.3,2,0.582
Diego_Sarabia_1074,Cazador de Ofertas,0.7,29.41,130,2,0.907,1,5.2,1,0.535
Bernabé_Lugo_1075,Cazador de Ofertas,1.9,14.34,149,1,0.833,1,4.8,0,0.603
Timoteo_Sarabia_1076,Cazador de Ofertas,1.3,26.59,44,5,0.896,1,6.5,3,0.643
Sandra_Farías_1077,Cazador de Ofertas,1.5,16.05,87,3,0.712,1,11.1,2,0.59
Cristian_Niño_1078,Cazador de Ofertas,1.6,22.32,129,2,0.846,1,5.4,4,0.534
Cynthia_Tirado_1079,Cazador de Ofertas,1.8,35.29,100,1,0.924,3,5.4,3,0.612
Olga_Abrego_1080,Cazador de Ofertas,1.1,22.11,59,2,0.899,1,8.7,2,0.329
Rufino_Mejía_1081,Cazador de Ofertas,1.1,46.94,81,2,0.931,1,6.8,2,0.407
Minerva_Almaraz_1082,Cazador de Ofertas,1.6,32.12,82,3,0.935,0,11.2,1,0.535
Bruno_Naranjo_1083,Cazador de Ofertas,1.4,19.68,123,1,0.863,0,3.3,1,0.508
Homero_Grijalva_1084,Cazador de Ofertas,1.5,26.87,118,4,0.77,2,6.5,5,0.605
Ana_Luisa_Guajardo_1085,Cazador de Ofertas,2.1,22.35,95,2,0.81,0,5.2,4,0.59
Raquel_Berríos_1086,Cazador de Ofertas,2.8,28.76,37,3,0.864,2,4.9,1,0.663
Arturo_Ruelas_1087,Cazador de Ofertas,2.3,39.37,64,1,0.819,0,7.0,1,0.58
Ángela_Tejada_1088,Cazador de Ofertas,1.4,25.82,93,5,0.853,2,6.1,3,0.703
Carmen_Cazares_1089,Cazador de Ofertas,1.7,30.1,107,4,0.855,4,8.0,1,0.753
Victoria_Roldán_1090,Cazador de Ofertas,1.3,18.33,62,4,0.89,2,7.3,0,0.411
Paulina_de_Jesús_1091,Cazador de Ofertas,1.4,26.52,109,4,0.831,2,6.4,0,0.641
Gabino_Suárez_1092,Cazador de Ofertas,2.0,16.79,83,1,0.794,0,10.0,2,0.526
Samuel_Piña_1093,Cazador de Ofertas,1.3,34.01,65,2,0.908,0,7.4,0,0.595
Eric_Tirado_1094,Cazador de Ofertas,1.5,34.33,66,2,0.92,1,6.9,4,0.624
Elvira_Marrero_1095,Cazador de Ofertas,2.1,17.57,60,1,0.901,1,5.8,1,0.712
Leonor_Niño_1096,Cazador de Ofertas,1.7,28.65,94,4,0.886,0,4.7,2,0.694
Marcela_Sierra_1097,Cazador de Ofertas,2.3,37.01,89,1,0.724,0,3.3,3,0.715
María_Cristina_Casárez_1098,Cazador de Ofertas,2.5,21.92,88,3,0.844,3,4.1,2,0.595
Fernando_Garza_1099,Cazador de Ofertas,2.7,24.82,93,2,0.993,0,4.2,1,0.604
Andrea_Mireles_1100,Cliente Premium,5.7,343.41,27,15,0.037,1,20.6,14,0.196
Alejandra_Villalobos_1101,Cliente Premium,7.9,353.24,40,15,0.088,1,14.1,14,0.089
Perla_Godínez_1102,Cliente Premium,5.5,488.18,6,9,0.122,2,17.0,12,0.05
Rolando_Garay_1103,Cliente Premium,3.5,356.29,8,12,0.065,1,18.7,11,0.194
Abraham_Batista_1104,Cliente Premium,3.2,480.09,23,7,0.151,2,9.9,12,0.073
Susana_Bahena_1105,Cliente Premium,7.3,344.14,44,15,0.018,0,14.9,11,0.209
Estela_Barreto_1106,Cliente Premium,8.1,293.01,20,14,0.035,0,21.9,11,0.227
Alonso_Menéndez_1107,Cliente Premium,6.8,365.02,1,15,0.054,1,23.8,19,0.087
Angélica_Serrano_1108,Cliente Premium,3.7,304.37,5,10,0.128,2,15.7,12,0.204
Eva_Leiva_1109,Cliente Premium,3.8,411.46,27,15,0.044,0,22.9,9,0.139
Yolanda_Ruelas_1110,Cliente Premium,6.8,275.61,16,10,0.1,0,12.5,17,0.246
Ernesto_Tirado_1111,Cliente Premium,7.6,404.78,26,7,0.095,0,15.7,15,0.158
César_Vásquez_1112,Cliente Premium,7.1,387.05,31,14,0.12,0,19.0,15,0.137
Reynaldo_Rojas_1113,Cliente Premium,7.0,397.78,4,11,0.043,0,18.2,11,0.13
Federico_Rojas_1114,Cliente Premium,3.6,438.22,41,10,0.143,0,23.8,12,0.206
Lorenzo_Espinal_1115,Cliente Premium,6.1,368.38,30,7,0.038,1,15.2,12,0.206
Barbara_Calderón_1116,Cliente Premium,3.9,303.36,42,9,0.007,2,14.0,18,0.17
Victoria_Prado_1117,Cliente Premium,5.7,407.65,24,10,0.042,0,18.9,12,0.119
Joaquín_Piña_1118,Cliente Premium,8.7,418.65,17,14,0.017,1,16.3,8,0.17
Lilia_Robles_1119,Cliente Premium,5.0,406.42,23,11,0.112,1,15.5,20,0.129
Ana_Calvillo_1120,Cliente Premium,6.1,382.03,16,15,0.053,0,18.0,15,0.137
Anel_Padrón_1121,Cliente Premium,4.5,327.09,33,12,0.098,1,11.7,13,0.257
Ivonne_Cardona_1122,Cliente Premium,7.1,400.69,22,10,0.075,1,8.9,11,0.163
Felix_Espinosa_1123,Cliente Premium,6.6,379.9,29,8,0.049,0,21.8,16,0.129
Elias_Terán_1124,Cliente Premium,7.2,366.33,16,10,0.115,1,10.6,10,0.114
Marisol_Cintrón_1125,Cliente Premium,4.6,381.67,17,10,0.108,0,21.8,9,0.194
Luisa_Elizondo_1126,Cliente Premium,3.3,313.52,24,9,0.085,0,17.2,8,0.154
Germán_Ríos_1127,Cliente Premium,6.3,309.31,23,6,0.044,0,14.9,11,0.169
Felix_Benítez_1128,Cliente Premium,7.6,418.2,34,9,0.034,1,12.9,14,0.168
Margarita_Urbina_1129,Cliente Premium,4.1,335.51,16,14,0.07,1,10.6,13,0.042
Berta_Arteaga_1130,Cliente Premium,6.0,421.92,25,8,0.076,1,12.2,9,0.172
Uriel_Toledo_1131,Cliente Premium,5.2,352.81,26,15,0.102,1,24.9,15,0.135
Adela_Cabán_1132,Cliente Premium,1.5,383.2,20,13,0.04,1,14.6,15,0.147
Eva_de_la_Crúz_1133,Cliente Premium,7.2,387.1,20,11,0.105,0,15.2,10,0.138
Lorenzo_Ruelas_1134,Cliente Premium,3.6,393.92,24,7,0.021,0,12.7,7,0.129
Mauricio_Gallardo_1135,Cliente Premium,6.5,348.6,25,12,0.051,0,12.1,8,0.115
Karla_Bahena_1136,Cliente Premium,6.8,416.51,19,8,0.133,0,19.8,12,0.134
Daniel_Ojeda_1137,Cliente Premium,7.6,340.18,26,6,0.035,0,16.7,8,0.204
Abelardo_Orellana_1138,Cliente Premium,5.8,358.24,34,10,0.028,1,10.2,10,0.148
Gabino_Rentería_1139,Cliente Premium,1.9,357.75,14,10,0.0,1,16.2,6,0.113
Gonzalo_Piña_1140,Cliente Premium,5.8,387.64,32,12,0.1,2,12.4,12,0.158
Pilar_Ruiz_1141,Cliente Premium,6.2,466.11,22,14,0.084,2,5.3,15,0.159
Cristal_Espinal_1142,Cliente Premium,8.2,269.84,15,6,0.074,0,17.4,11,0.216
Gustavo_Gamboa_1143,Cliente Premium,6.5,333.72,32,15,0.129,1,11.9,12,0.131
Ana_Luisa_Venegas_1144,Cliente Premium,7.5,378.62,53,7,0.097,0,17.2,9,0.139
Patricia_Ballesteros_1145,Cliente Premium,2.9,282.61,31,9,0.086,0,15.8,13,0.142
Humberto_Báez_1146,Cliente Premium,6.5,393.29,35,10,0.047,2,19.5,9,0.11
Amador_Viera_1147,Cliente Premium,5.0,395.7,17,7,0.091,0,20.0,15,0.151
Mateo_Sandoval_1148,Cliente Premium,6.4,500.0,31,12,0.01,2,15.8,17,0.09
Olga_Cotto_1149,Cliente Premium,6.4,370.13,9,10,0.123,2,19.8,12,0.12
Ana_Luisa_Sauceda_1150,Cliente Premium,4.6,412.41,23,8,0.097,1,10.7,11,0.15
Ariadna_Escamilla_1151,Cliente Premium,4.8,413.59,29,11,0.045,1,8.9,15,0.213
Ángela_Yáñez_1152,Cliente Premium,5.0,500.0,18,15,0.087,1,21.5,15,0.198
Ángel_Gollum_1153,Cliente Premium,6.0,445.62,38,11,0.054,0,15.3,11,0.215
Karina_Casares_1154,Cliente Premium,4.4,419.12,18,14,0.073,2,19.9,7,0.179
Rebeca_Gurule_1155,Cliente Premium,5.3,434.44,47,14,0.142,2,17.9,13,0.234
Ricardo_Villegas_1156,Cliente Premium,4.9,314.95,8,10,0.0,1,14.9,11,0.239
Alfredo_Bonilla_1157,Cliente Premium,4.9,403.44,13,9,0.092,2,14.6,9,0.14
Lourdes_Vergara_1158,Cliente Premium,5.6,398.37,35,15,0.048,1,15.7,13,0.142
Raúl_Solorzano_1159,Cliente Premium,7.9,343.59,23,13,0.071,1,14.0,13,0.196
Ignacio_Ibarra_1160,Cliente Premium,4.5,410.54,9,10,0.037,1,12.1,16,0.109
Emilia_Martínez_1161,Cliente Premium,4.2,383.08,30,14,0.108,1,9.6,16,0.178
Evelio_Jaimes_1162,Cliente Premium,6.7,335.8,22,8,0.074,1,15.1,15,0.114
Leonardo_Ceja_1163,Cliente Premium,4.8,340.04,19,9,0.042,1,13.6,15,0.176
Yuridia_Macías_1164,Cliente Premium,5.9,343.21,26,9,0.115,1,6.2,6,0.098
María_José_Mata_1165,Cliente Premium,5.1,354.38,21,14,0.051,1,13.2,18,0.214
Antonia_Aguirre_1166,Cliente Premium,6.9,337.68,17,8,0.121,0,25.2,10,0.159
María_José_Valladares_1167,Cliente Premium,6.6,352.88,12,7,0.078,0,14.3,8,0.199
Benito_Benavides_1168,Cliente Premium,8.1,500.0,31,10,0.093,1,16.9,7,0.138
Pablo_Gallardo_1169,Cliente Premium,3.6,434.16,33,15,0.057,0,12.6,17,0.232
Natividad_Jaimes_1170,Cliente Premium,6.8,319.3,48,6,0.015,1,15.2,7,0.157
César_Montes_1171,Cliente Premium,8.2,323.93,20,13,0.101,0,14.1,16,0.12
Ángela_Guevara_1172,Cliente Premium,4.9,370.38,18,9,0.138,4,16.6,14,0.138
José_Eduardo_Linares_1173,Cliente Premium,5.8,331.27,38,13,0.075,0,20.2,12,0.131
Cristina_Quezada_1174,Cliente Premium,5.3,376.63,31,9,0.115,2,17.3,13,0.262
Pamela_Madrid_1175,Cliente Premium,5.3,365.9,23,14,0.071,0,7.5,13,0.135
Sara_Tafoya_1176,Cliente Premium,7.9,336.8,30,11,0.116,1,14.6,15,0.142
Abril_Urrutia_1177,Cliente Premium,6.1,438.09,13,14,0.09,3,17.6,11,0.284
Helena_Cano_1178,Cliente Premium,8.7,362.4,35,11,0.089,1,21.6,9,0.187
Cecilia_Jaime_1179,Cliente Premium,5.6,337.84,51,7,0.073,0,16.4,9,0.149
Camilo_Carbajal_1180,Cliente Premium,6.2,356.52,22,15,0.092,1,9.4,13,0.146
Perla_Cortés_1181,Cliente Premium,6.1,307.12,21,10,0.05,0,13.0,4,0.083
Georgina_Lerma_1182,Cliente Premium,5.0,422.69,26,12,0.133,1,13.8,8,0.156
Salma_Gaitán_1183,Cliente Premium,7.0,397.41,10,6,0.113,3,13.1,9,0.157
Jacobo_Figueroa_1184,Cliente Premium,8.9,424.84,21,9,0.044,0,14.2,15,0.101
Tania_Jaime_1185,Cliente Premium,5.6,347.5,27,14,0.098,2,10.4,7,0.15
Natalia_Sáenz_1186,Cliente Premium,6.8,326.26,27,8,0.147,1,14.9,10,0.14
Fidel_Ávalos_1187,Cliente Premium,5.0,384.64,26,14,0.039,2,12.4,14,0.239
Aurelio_Piña_1188,Cliente Premium,7.8,346.47,41,8,0.07,1,13.6,17,0.162
Gerónimo_Armendáriz_1189,Cliente Premium,5.5,376.25,31,7,0.0,0,10.6,17,0.139
Abelardo_Merino_1190,Cliente Premium,8.4,449.78,18,6,0.072,0,15.4,16,0.21
Catalina_Iglesias_1191,Cliente Premium,4.3,387.09,11,15,0.084,0,14.6,8,0.131
Cynthia_Quintanilla_1192,Cliente Premium,5.5,459.93,31,10,0.068,1,16.0,11,0.195
Pedro_Ponce_1193,Cliente Premium,7.0,278.05,27,7,0.033,0,17.6,10,0.125
Ramiro_Aguirre_1194,Cliente Premium,4.5,407.84,49,10,0.083,2,10.7,11,0.162
Bruno_Benítez_1195,Cliente Premium,1.4,365.7,38,15,0.158,1,15.3,7,0.146
Conchita_Trejo_1196,Cliente Premium,3.0,437.11,18,11,0.078,1,12.3,8,0.194
Alejandro_Negrón_1197,Cliente Premium,6.0,399.53,28,15,0.122,1,7.7,10,0.247
Rodolfo_Urías_1198,Cliente Premium,5.8,427.76,50,9,0.033,1,10.9,10,0.11
Concepción_Posada_1199,Cliente Premium,7.3,336.88,51,10,0.098,0,12.5,10,0.193
Carolina_Arguello_1200,Cliente Fiel y Activo,16.8,122.9,5,15,0.285,5,26.6,24,0.138
Homero_Nava_1201,Cliente Fiel y Activo,20.0,129.62,14,12,0.304,3,26.4,31,0.18
Alfredo_Muñiz_1202,Cliente Fiel y Activo,14.6,92.26,4,14,0.189,2,25.5,29,0.197
Enrique_Haro_1203,Cliente Fiel y Activo,18.7,98.04,10,15,0.182,3,18.7,31,0.227
Yeni_Candelaria_1204,Cliente Fiel y Activo,15.6,144.24,3,14,0.255,2,19.1,26,0.236
Joaquín_Valencia_1205,Cliente Fiel y Activo,16.4,94.61,10,8,0.378,2,24.5,25,0.128
Lorenzo_Correa_1206,Cliente Fiel y Activo,11.6,89.52,6,11,0.32,6,22.2,31,0.147
Eva_Curiel_1207,Cliente Fiel y Activo,16.4,101.0,5,10,0.184,3,23.8,16,0.252
Diana_Paz_1208,Cliente Fiel y Activo,15.0,125.03,2,9,0.066,2,21.1,29,0.2
Alberto_Duarte_1209,Cliente Fiel y Activo,12.9,145.43,9,13,0.3,3,23.1,32,0.126
Isabela_Patiño_1210,Cliente Fiel y Activo,12.0,151.07,4,11,0.301,1,25.0,33,0.211
Yolanda_Guzmán_1211,Cliente Fiel y Activo,15.7,94.13,9,9,0.235,0,21.3,28,0.12
Gabriela_Crespo_1212,Cliente Fiel y Activo,20.0,129.62,7,11,0.229,0,26.2,27,0.147
Bianca_Olivas_1213,Cliente Fiel y Activo,13.9,101.6,8,9,0.338,3,22.3,25,0.273
Alfonso_Rodrígez_1214,Cliente Fiel y Activo,15.4,111.27,8,8,0.27,2,22.9,38,0.214
Estela_Feliciano_1215,Cliente Fiel y Activo,13.2,108.93,11,15,0.392,5,18.2,23,0.143
María_Luisa_Montez_1216,Cliente Fiel y Activo,18.2,123.94,3,12,0.27,4,21.5,32,0.205
Hilda_Gil_1217,Cliente Fiel y Activo,15.4,100.42,9,11,0.266,2,22.1,24,0.215
Esparta_Alva_1218,Cliente Fiel y Activo,13.7,115.62,11,9,0.201,2,25.3,28,0.191
Victoria_Espinoza_1219,Cliente Fiel y Activo,12.9,120.07,8,14,0.265,2,17.2,27,0.208
Leonor_Méndez_1220,Cliente Fiel y Activo,15.5,93.45,9,14,0.252,4,26.5,34,0.167
Germán_Barrios_1221,Cliente Fiel y Activo,16.2,123.66,11,14,0.081,2,23.4,20,0.223
Germán_Montoya_1222,Cliente Fiel y Activo,15.0,97.84,4,8,0.277,4,28.8,19,0.162
Tomás_Saucedo_1223,Cliente Fiel y Activo,14.8,93.19,11,12,0.135,3,19.9,37,0.144
Leonor_Terán_1224,Cliente Fiel y Activo,11.2,110.81,8,12,0.235,3,16.5,34,0.134
Isabel_Amaya_1225,Cliente Fiel y Activo,17.2,106.2,6,13,0.338,3,18.2,25,0.202
Camilo_Ibarra_1226,Cliente Fiel y Activo,8.5,114.97,9,12,0.282,5,21.5,29,0.22
Diego_Vera_1227,Cliente Fiel y Activo,13.4,113.35,13,15,0.182,2,24.0,27,0.111
Gabino_Arellano_1228,Cliente Fiel y Activo,18.0,85.47,6,13,0.287,3,22.8,22,0.274
Bianca_Ybarra_1229,Cliente Fiel y Activo,18.7,97.39,1,15,0.261,0,24.0,25,0.09
Manuel_Montaño_1230,Cliente Fiel y Activo,14.0,116.26,15,11,0.499,3,20.7,12,0.237
Humberto_Pulido_1231,Cliente Fiel y Activo,14.1,98.51,4,8,0.286,6,24.1,26,0.231
Samuel_Segura_1232,Cliente Fiel y Activo,11.2,101.07,11,8,0.296,3,18.9,40,0.177
Camilo_Olmos_1233,Cliente Fiel y Activo,15.5,115.75,12,9,0.369,5,22.2,24,0.142
Reynaldo_Espinal_1234,Cliente Fiel y Activo,18.1,72.12,12,13,0.181,3,25.7,18,0.11
Florencia_Armendáriz_1235,Cliente Fiel y Activo,15.4,108.99,10,14,0.318,3,19.1,18,0.123
Marco_Antonio_Abreu_1236,Cliente Fiel y Activo,14.4,86.89,11,8,0.333,2,23.2,32,0.327
Nicolás_Tijerina_1237,Cliente Fiel y Activo,19.7,122.23,9,10,0.165,2,22.6,30,0.131
Yuridia_Estrada_1238,Cliente Fiel y Activo,18.0,135.34,1,11,0.324,1,28.5,30,0.121
José_Prado_1239,Cliente Fiel y Activo,15.4,97.48,10,8,0.237,4,19.4,27,0.172
Ángela_Menéndez_1240,Cliente Fiel y Activo,19.2,97.69,8,8,0.243,4,19.1,23,0.067
Sofía_Martínez_1241,Cliente Fiel y Activo,10.7,141.87,11,14,0.223,5,22.5,18,0.283
Wilfrido_Castellanos_1242,Cliente Fiel y Activo,15.4,129.16,1,11,0.273,2,20.7,35,0.262
Helena_Sarabia_1243,Cliente Fiel y Activo,15.0,141.8,3,14,0.259,2,20.8,25,0.177
Horacio_Paredes_1244,Cliente Fiel y Activo,15.0,92.76,6,9,0.365,2,26.5,39,0.185
Itzel_Padrón_1245,Cliente Fiel y Activo,17.0,123.66,13,8,0.231,2,15.6,26,0.212
Gustavo_Urrutia_1246,Cliente Fiel y Activo,13.3,135.14,3,9,0.141,2,20.6,28,0.242
Carolina_Espinosa_1247,Cliente Fiel y Activo,14.2,130.07,1,14,0.166,3,18.9,21,0.225
Lucía_Ojeda_1248,Cliente Fiel y Activo,15.3,153.62,6,9,0.284,2,20.0,22,0.119
Zoé_Delgado_1249,Cliente Fiel y Activo,12.8,79.36,9,10,0.374,4,19.4,28,0.212
Sergio_Varela_1250,Cliente Fiel y Activo,15.8,133.11,3,8,0.257,5,24.2,33,0.247
Hermelinda_Palomino_1251,Cliente Fiel y Activo,16.0,131.6,11,10,0.232,2,22.8,34,0.286
Pascual_Abrego_1252,Cliente Fiel y Activo,17.7,94.36,2,9,0.234,2,27.3,23,0.116
Hernán_Llamas_1253,Cliente Fiel y Activo,11.7,107.82,10,11,0.287,1,25.6,29,0.15
Enrique_Posada_1254,Cliente Fiel y Activo,13.4,80.26,5,13,0.235,2,23.7,26,0.168
Ricardo_Zepeda_1255,Cliente Fiel y Activo,14.0,136.3,4,15,0.27,1,23.4,33,0.267
Vanesa_Medina_1256,Cliente Fiel y Activo,15.2,145.26,9,15,0.181,4,20.5,30,0.139
Martha_Quintanilla_1257,Cliente Fiel y Activo,16.3,120.31,14,11,0.271,3,18.7,23,0.133
Margarita_Gallardo_1258,Cliente Fiel y Activo,15.0,132.56,4,9,0.372,5,19.6,28,0.224
Nayeli_Rojas_1259,Cliente Fiel y Activo,10.6,102.65,12,9,0.29,5,19.2,27,0.266
Darío_Bravo_1260,Cliente Fiel y Activo,14.2,122.29,5,9,0.255,3,20.7,31,0.278
Gloria_Serrato_1261,Cliente Fiel y Activo,16.9,124.75,17,15,0.156,2,25.6,29,0.144
Wilfrido_Meza_1262,Cliente Fiel y Activo,12.0,127.3,13,15,0.3,2,21.6,26,0.22
Aurelio_Gollum_1263,Cliente Fiel y Activo,15.5,94.93,11,12,0.344,3,21.4,28,0.214
Zacarías_Marín_1264,Cliente Fiel y Activo,17.8,123.73,10,10,0.378,4,22.6,17,0.219
Espartaco_Farías_1265,Cliente Fiel y Activo,19.0,118.87,6,15,0.352,4,26.7,28,0.231
Concepción_Alvarado_1266,Cliente Fiel y Activo,15.6,81.22,9,9,0.234,2,20.9,30,0.191
Amalia_Guevara_1267,Cliente Fiel y Activo,17.1,151.09,9,15,0.25,2,22.9,27,0.184
Martín_Beltrán_1268,Cliente Fiel y Activo,14.5,97.88,9,13,0.275,4,20.0,39,0.178
María_Eugenia_Pedroza_1269,Cliente Fiel y Activo,18.1,46.57,6,15,0.211,2,19.7,31,0.102
Sonia_Velásquez_1270,Cliente Fiel y Activo,16.5,96.06,6,14,0.176,2,23.6,30,0.231
Eloisa_Olivo_1271,Cliente Fiel y Activo,18.8,107.1,3,11,0.16,2,16.3,34,0.156
Miguel_Ángel_Pabón_1272,Cliente Fiel y Activo,12.0,51.95,10,10,0.381,3,22.5,27,0.118
Federico_Cordero_1273,Cliente Fiel y Activo,19.6,124.67,4,15,0.276,3,21.3,40,0.162
Vanesa_Adame_1274,Cliente Fiel y Activo,19.8,150.65,16,11,0.237,4,21.3,34,0.194
Bernabé_Pizarro_1275,Cliente Fiel y Activo,17.1,105.09,13,14,0.4,2,20.4,19,0.252
Estefanía_del_Valle_1276,Cliente Fiel y Activo,16.0,121.71,10,8,0.172,3,24.0,30,0.262
Norma_Rivera_1277,Cliente Fiel y Activo,11.7,94.8,9,12,0.117,1,19.2,24,0.14
Amador_Valdés_1278,Cliente Fiel y Activo,9.4,56.98,5,9,0.287,6,25.4,23,0.225
Felix_Casas_1279,Cliente Fiel y Activo,18.8,105.56,9,13,0.177,3,21.9,24,0.155
María_Eugenia_Cepeda_1280,Cliente Fiel y Activo,13.6,118.24,1,13,0.31,3,27.7,23,0.232
Marisol_Tamez_1281,Cliente Fiel y Activo,15.5,115.37,7,13,0.301,0,22.3,33,0.258
Rafaél_Yáñez_1282,Cliente Fiel y Activo,14.5,108.4,8,10,0.27,3,24.6,30,0.09
Ilse_Quintero_1283,Cliente Fiel y Activo,16.7,103.87,5,9,0.088,5,21.7,24,0.132
Sara_Santana_1284,Cliente Fiel y Activo,13.8,81.13,3,13,0.274,3,18.1,22,0.231
Luis_Ulibarri_1285,Cliente Fiel y Activo,14.5,146.97,6,14,0.296,6,20.5,25,0.15
Marisela_Covarrubias_1286,Cliente Fiel y Activo,15.6,152.82,7,9,0.102,3,17.2,15,0.107
Martín_Rascón_1287,Cliente Fiel y Activo,15.1,103.59,15,15,0.268,2,23.4,20,0.21
Francisco_Javier_Gutiérrez_1288,Cliente Fiel y Activo,12.4,107.57,8,8,0.196,6,17.3,27,0.203
Teodoro_Lebrón_1289,Cliente Fiel y Activo,13.6,99.5,1,12,0.26,3,23.3,28,0.206
Nicolás_Rubio_1290,Cliente Fiel y Activo,17.9,97.03,3,8,0.199,4,22.7,32,0.115
Socorro_Griego_1291,Cliente Fiel y Activo,12.8,93.51,7,9,0.189,0,14.5,22,0.141
Gerardo_Quiñónez_1292,Cliente Fiel y Activo,15.1,121.17,6,15,0.264,3,25.1,23,0.261
Araceli_Lira_1293,Cliente Fiel y Activo,13.4,63.56,14,13,0.221,2,18.4,22,0.156
Eugenio_Jurado_1294,Cliente Fiel y Activo,14.8,96.77,1,15,0.276,4,15.2,25,0.14
Israel_Maya_1295,Cliente Fiel y Activo,14.3,95.0,3,13,0.081,4,24.2,24,0.167
Paola_Blanco_1296,Cliente Fiel y Activo,20.0,43.39,10,15,0.109,6,23.4,34,0.158
Citlali_Corona_1297,Cliente Fiel y Activo,14.2,85.78,4,9,0.425,0,26.9,31,0.244
Esther_Olivera_1298,Cliente Fiel y Activo,11.8,124.31,9,13,0.1,3,24.0,31,0.232
Cristian_Gallegos_1299,Cliente Fiel y Activo,13.8,86.19,7,12,0.245,3,20.2,26,0.174
Andrea_Pedroza_1300,Cliente Inactivo/En Riesgo,0.9,45.47,239,2,0.23,1,2.0,0,0.835
Lorenzo_Menéndez_1301,Cliente Inactivo/En Riesgo,0.6,59.02,259,2,0.212,0,1.8,0,0.733
Patricia_Robledo_1302,Cliente Inactivo/En Riesgo,0.7,28.99,253,2,0.133,0,0.5,1,0.751
Linda_Bañuelos_1303,Cliente Inactivo/En Riesgo,1.3,33.37,269,1,0.097,1,2.5,0,0.947
Emiliano_Peres_1304,Cliente Inactivo/En Riesgo,0.7,30.64,274,1,0.219,0,0.8,1,0.66
Julio_Viera_1305,Cliente Inactivo/En Riesgo,1.0,38.76,227,2,0.199,1,0.7,0,0.713
Alejandra_Velásquez_1306,Cliente Inactivo/En Riesgo,1.1,32.99,282,1,0.179,1,2.1,0,0.77
Juan_Romero_1307,Cliente Inactivo/En Riesgo,1.1,5.0,325,1,0.094,1,4.3,0,0.751
Abraham_Mora_1308,Cliente Inactivo/En Riesgo,0.5,33.23,321,2,0.167,0,0.5,0,0.757
Héctor_Orellana_1309,Cliente Inactivo/En Riesgo,1.1,32.34,194,1,0.163,2,2.7,0,0.742
Lourdes_Tijerina_1310,Cliente Inactivo/En Riesgo,1.4,51.77,323,1,0.056,2,2.7,0,0.796
Patricio_Zavala_1311,Cliente Inactivo/En Riesgo,1.5,64.67,304,1,0.049,2,1.2,0,0.9
Estefanía_Saavedra_1312,Cliente Inactivo/En Riesgo,0.9,53.0,255,1,0.148,0,2.1,0,0.778
Estefanía_Laboy_1313,Cliente Inactivo/En Riesgo,0.5,47.84,315,2,0.05,0,2.4,0,0.903
Marco_Antonio_Ruelas_1314,Cliente Inactivo/En Riesgo,1.0,42.03,324,2,0.163,2,2.9,1,0.856
Alicia_Ordóñez_1315,Cliente Inactivo/En Riesgo,1.3,37.54,328,3,0.297,0,1.1,1,0.743
Iván_Palacios_1316,Cliente Inactivo/En Riesgo,0.9,45.69,229,1,0.244,1,2.2,1,0.781
Daniel_Robles_1317,Cliente Inactivo/En Riesgo,0.5,44.83,282,3,0.213,0,2.6,0,0.648
Carolina_Tejeda_1318,Cliente Inactivo/En Riesgo,1.0,58.87,250,2,0.246,1,1.7,0,0.783
Aldonza_Orta_1319,Cliente Inactivo/En Riesgo,1.0,49.12,318,3,0.157,1,1.7,0,0.64
Rosalia_Valle_1320,Cliente Inactivo/En Riesgo,1.5,44.48,344,1,0.213,1,3.7,1,0.856
Wilfrido_Amador_1321,Cliente Inactivo/En Riesgo,1.0,61.25,303,1,0.265,2,3.4,0,0.797
Armando_Porras_1322,Cliente Inactivo/En Riesgo,1.1,22.45,188,3,0.166,1,2.2,0,0.728
Celia_Riojas_1323,Cliente Inactivo/En Riesgo,1.3,25.94,358,2,0.148,1,0.9,1,0.811
Dulce_Arteaga_1324,Cliente Inactivo/En Riesgo,1.4,56.24,290,1,0.136,0,1.6,1,0.788
Francisca_Ojeda_1325,Cliente Inactivo/En Riesgo,1.5,27.38,334,2,0.104,0,2.8,1,0.631
Itzel_Galarza_1326,Cliente Inactivo/En Riesgo,0.5,59.15,263,1,0.257,1,0.5,0,0.745
María_Elena_Mena_1327,Cliente Inactivo/En Riesgo,0.5,24.67,238,2,0.306,0,2.4,0,0.81
Iván_Ojeda_1328,Cliente Inactivo/En Riesgo,2.0,36.87,189,1,0.269,0,0.9,1,0.771
Germán_Pérez_1329,Cliente Inactivo/En Riesgo,1.0,34.78,314,3,0.17,0,1.1,0,0.718
Flavio_Bonilla_1330,Cliente Inactivo/En Riesgo,1.4,70.4,257,1,0.127,0,1.8,0,0.708
Mariano_Almaraz_1331,Cliente Inactivo/En Riesgo,1.2,67.34,365,2,0.118,0,1.0,1,0.751
Paola_Ávila_1332,Cliente Inactivo/En Riesgo,1.6,21.31,263,2,0.263,2,3.4,1,0.793
Jerónimo_Garrido_1333,Cliente Inactivo/En Riesgo,0.8,57.66,262,3,0.064,0,2.1,1,0.753
Violeta_Barrientos_1334,Cliente Inactivo/En Riesgo,0.9,23.26,284,1,0.247,1,0.5,0,0.679
Uriel_Arevalo_1335,Cliente Inactivo/En Riesgo,1.2,39.18,256,3,0.056,1,3.4,0,0.844
Alta__Gracia_Gutiérrez_1336,Cliente Inactivo/En Riesgo,1.3,27.88,264,3,0.086,0,1.1,0,0.865
Elvira_Almonte_1337,Cliente Inactivo/En Riesgo,1.4,40.0,232,3,0.1,1,2.1,0,0.741
Silvia_Corral_1338,Cliente Inactivo/En Riesgo,1.1,60.35,277,1,0.043,1,0.8,0,0.981
Evelio_Castro_1339,Cliente Inactivo/En Riesgo,1.3,56.17,228,3,0.19,3,3.0,0,0.632
Mario_Carrero_1340,Cliente Inactivo/En Riesgo,0.6,71.55,151,1,0.124,0,2.1,1,0.839
Ramón_Gamez_1341,Cliente Inactivo/En Riesgo,0.5,44.44,276,2,0.108,1,2.8,0,0.796
Martha_Hidalgo_1342,Cliente Inactivo/En Riesgo,0.6,25.32,292,2,0.122,1,3.4,1,0.86
José_Carlos_de_la_Fuente_1343,Cliente Inactivo/En Riesgo,1.2,37.18,312,1,0.076,3,1.2,0,0.834
Samuel_Zepeda_1344,Cliente Inactivo/En Riesgo,0.5,61.56,277,3,0.15,0,1.4,1,0.706
Camila_Dávila_1345,Cliente Inactivo/En Riesgo,0.5,29.23,337,1,0.299,1,0.9,0,0.743
Hugo_Cardenas_1346,Cliente Inactivo/En Riesgo,0.8,55.74,243,3,0.147,0,2.6,1,0.942
Ricardo_Alvarez_1347,Cliente Inactivo/En Riesgo,0.9,81.62,252,1,0.101,0,1.1,0,0.845
Hugo_Velásquez_1348,Cliente Inactivo/En Riesgo,1.3,42.4,255,3,0.134,2,1.1,1,0.795
Zoé_Núñez_1349,Cliente Inactivo/En Riesgo,1.2,7.34,268,1,0.154,1,0.5,1,0.865
Leonel_Farías_1350,Cliente Inactivo/En Riesgo,0.5,57.58,232,1,0.056,0,1.4,0,0.74
Antonio_Villarreal_1351,Cliente Inactivo/En Riesgo,1.8,64.97,356,3,0.052,0,2.1,0,0.697
Soledad_Guerra_1352,Cliente Inactivo/En Riesgo,0.7,21.55,330,1,0.245,0,1.1,0,0.703
Benjamín_Madera_1353,Cliente Inactivo/En Riesgo,1.4,63.9,278,1,0.161,3,2.3,0,0.782
Ruby_Casárez_1354,Cliente Inactivo/En Riesgo,0.8,39.51,270,1,0.242,0,2.8,0,0.863
Raúl_Arguello_1355,Cliente Inactivo/En Riesgo,0.5,38.77,271,3,0.159,0,2.9,0,0.777
Javier_Tejada_1356,Cliente Inactivo/En Riesgo,0.8,31.45,266,2,0.189,1,1.6,0,0.764
Luis_Miguel_Nevárez_1357,Cliente Inactivo/En Riesgo,0.5,69.96,270,2,0.132,2,2.4,1,0.821
Ángela_Santillán_1358,Cliente Inactivo/En Riesgo,1.0,51.87,247,3,0.135,0,1.6,0,1.0
Vicente_Mondragón_1359,Cliente Inactivo/En Riesgo,0.7,58.24,250,3,0.221,1,1.0,0,0.802
Adán_Peres_1360,Cliente Inactivo/En Riesgo,1.1,49.69,323,2,0.049,2,2.6,1,0.847
Minerva_Caraballo_1361,Cliente Inactivo/En Riesgo,1.1,35.16,336,1,0.257,0,1.8,1,0.945
Magdalena_Nájera_1362,Cliente Inactivo/En Riesgo,1.1,39.99,209,1,0.167,1,3.3,1,0.788
Teresa_Rico_1363,Cliente Inactivo/En Riesgo,1.5,60.86,309,3,0.125,1,1.5,0,0.783
Cristian_Puga_1364,Cliente Inactivo/En Riesgo,0.8,52.83,313,1,0.266,0,1.5,0,0.908
Diana_Solorio_1365,Cliente Inactivo/En Riesgo,1.0,41.04,267,2,0.168,0,0.5,1,0.875
Uriel_Jimínez_1366,Cliente Inactivo/En Riesgo,0.5,45.37,279,2,0.105,0,3.4,0,0.769
Sergio_Tijerina_1367,Cliente Inactivo/En Riesgo,1.2,61.05,216,2,0.0,0,2.2,1,0.843
Maximiliano_Rivero_1368,Cliente Inactivo/En Riesgo,0.8,55.21,234,2,0.362,0,2.5,0,0.854
Marco_Antonio_Villarreal_1369,Cliente Inactivo/En Riesgo,1.1,47.52,225,1,0.135,0,3.4,1,0.682
Gabriel_Medrano_1370,Cliente Inactivo/En Riesgo,1.5,38.28,238,3,0.0,3,2.0,0,0.76
Felipe_Briseño_1371,Cliente Inactivo/En Riesgo,0.8,60.08,193,2,0.188,3,1.0,0,0.904
Germán_Raya_1372,Cliente Inactivo/En Riesgo,0.5,37.24,246,3,0.232,0,0.9,0,0.737
Federico_Rivera_1373,Cliente Inactivo/En Riesgo,0.5,52.07,187,2,0.052,3,1.5,2,0.877
Rebeca_Ojeda_1374,Cliente Inactivo/En Riesgo,1.4,51.89,280,3,0.186,0,2.5,0,0.763
Iván_Anaya_1375,Cliente Inactivo/En Riesgo,1.2,38.81,281,2,0.131,1,1.4,0,0.729
Miguel_Ángel_Meléndez_1376,Cliente Inactivo/En Riesgo,0.5,21.0,215,3,0.163,1,3.3,1,0.784
Dulce_Saavedra_1377,Cliente Inactivo/En Riesgo,0.7,50.09,329,2,0.115,0,1.6,0,0.79
Eric_Mota_1378,Cliente Inactivo/En Riesgo,1.2,42.99,288,1,0.106,1,0.5,1,0.61
Francisco_Javier_Molina_1379,Cliente Inactivo/En Riesgo,0.7,76.51,344,2,0.167,2,0.8,1,0.711
Gilberto_Ybarra_1380,Cliente Inactivo/En Riesgo,1.1,28.73,250,1,0.245,0,2.1,0,0.817
Gerónimo_Valadez_1381,Cliente Inactivo/En Riesgo,1.1,55.38,342,1,0.163,0,0.5,0,0.616
Adalberto_Sierra_1382,Cliente Inactivo/En Riesgo,0.5,52.7,252,3,0.045,2,1.3,0,0.781
Elias_Briones_1383,Cliente Inactivo/En Riesgo,0.5,48.33,200,1,0.17,0,0.9,0,0.796
Fabiola_Palomo_1384,Cliente Inactivo/En Riesgo,1.1,69.8,276,1,0.23,2,0.7,1,0.834
Minerva_Vaca_1385,Cliente Inactivo/En Riesgo,1.0,42.37,345,1,0.291,0,0.5,1,0.8
Fabiola_Rolón_1386,Cliente Inactivo/En Riesgo,1.8,43.07,302,1,0.038,0,2.1,0,0.866
Verónica_Salas_1387,Cliente Inactivo/En Riesgo,0.5,35.08,308,2,0.203,0,3.4,2,0.857
Marisol_Alfaro_1388,Cliente Inactivo/En Riesgo,1.0,36.46,245,1,0.305,1,4.1,0,0.78
Aurelio_Lozano_1389,Cliente Inactivo/En Riesgo,1.1,31.17,248,3,0.149,0,0.5,1,0.857
Estela_Palacios_1390,Cliente Inactivo/En Riesgo,1.9,55.23,321,1,0.249,0,3.0,0,0.837
Federico_Malave_1391,Cliente Inactivo/En Riesgo,1.2,34.19,338,2,0.203,1,2.4,0,0.786
Wilfrido_Verdugo_1392,Cliente Inactivo/En Riesgo,0.5,44.83,199,3,0.232,1,2.5,0,0.769
José_Carlos_Rojas_1393,Cliente Inactivo/En Riesgo,1.5,28.55,305,1,0.107,1,0.8,0,0.842
Perla_Tamez_1394,Cliente Inactivo/En Riesgo,1.0,41.41,320,1,0.165,0,2.0,0,0.862
Jaime_Pizarro_1395,Cliente Inactivo/En Riesgo,0.9,34.43,365,2,0.25,0,3.5,3,0.68
Paulina_Menéndez_1396,Cliente Inactivo/En Riesgo,0.5,50.69,320,3,0.271,0,0.5,0,0.747
Jesús_Rendón_1397,Cliente Inactivo/En Riesgo,1.3,53.92,307,2,0.091,0,1.2,0,0.955
Genaro_Malave_1398,Cliente Inactivo/En Riesgo,0.5,56.27,177,2,0.152,2,2.1,0,0.76
Fidel_Godoy_1399,Cliente Inactivo/En Riesgo,1.5,27.01,223,1,0.108,0,0.5,0,0.75
Carla_Espinoza_1400,Anomalía,0.5,450.0,90,2,0.0,10,1.2,0,0.95
Ignacio_Casares_1401,Anomalía,1.2,500.0,180,1,0.0,0,28.0,1,0.05
Omar_Escalante_1402,Anomalía,0.5,15.0,350,1,0.95,1,2.5,50,0.9
Elisa_Gálvez_1403,Anomalía,19.5,8.0,2,15,1.0,9,29.5,48,0.05
Maximiliano_Lebrón_1404,Anomalía,0.5,5.0,360,1,0.5,8,29.9,0,0.99
Rolando_Sosa_1405,Anomalía,20.0,480.0,1,1,0.9,10,0.5,45,0.0
Rubén_Leyva_1406,Anomalía,0.5,490.0,365,12,0.0,0,0.6,0,0.1
Benito_Esquibel_1407,Anomalía,18.0,495.0,300,2,0.8,0,1.0,4,0.85
Gustavo_Gaytán_1408,Anomalía,5.0,120.0,120,8,0.95,10,2.5,40,0.75
Jorge_Luis_Duarte_1409,Anomalía,0.8,10.0,5,1,0.0,9,28.0,2,0.0
Hermelinda_Alcaraz_1410,Anomalía,19.8,450.0,180,15,0.05,0,0.5,50,0.99
Oswaldo_Castro_1411,Anomalía,0.6,490.0,2,1,0.98,8,29.5,1,0.01
Gerardo_Armenta_1412,Anomalía,12.0,15.0,350,14,0.01,10,0.8,49,0.95
Ana_Uribe_1413,Anomalía,0.5,500.0,1,15,0.99,0,29.0,0,0.99
Guillermo_Castro_1414,Anomalía,19.9,5.0,365,1,0.0,10,0.5,50,0.0
